customer_id,first_name,last_name,date_of_birth,email,phone_number,creation_date,life_event
6b722494-5325-4322-9df3-7fdc8420999a,Denise,Murray,1998-10-27,tramirez@example.net,+1-318-324-8705x224,2021-03-02,Graduation
2ce071ce-7420-4ecd-9eb0-0fc83833cc60,Michael,Rice,1993-04-19,lmiller@example.org,439-500-4499x0333,2021-10-16,
f2515f0d-6659-403f-8bf0-2a0cbbe2fe99,Ryan,Reid,2004-01-21,shannon46@example.net,900-601-9710x65132,2020-05-21,Empty Nest
b20d20bb-dc25-483e-8863-6a87b4436ef3,Michael,Jimenez,1959-09-02,cynthiagarner@example.net,945.480.5355,2022-11-23,Divorce
f392416f-2f11-48d1-9c09-7dcca4d0c0ef,Debra,Kaiser,1949-06-01,pholloway@example.net,+1-556-378-5298x76117,2023-04-26,Relocation
5821a39a-ef48-4df3-9a13-25b7da45ddfb,Lauren,Shields,1995-11-29,ellisdaniel@example.org,(575)909-3994,2024-05-10,Relocation
bdd899b2-2c60-4273-b869-330b2ac46b8c,Matthew,Smith,1946-11-16,murphyteresa@example.org,398.657.5865,2023-09-23,Marriage
3e6356f9-4b2d-4b8b-a7c8-07b7dfa91b43,Wyatt,Woodard,1967-03-10,iharris@example.org,250-363-3808,2020-05-22,Inheritance
bfb5c78a-567c-4014-bfdf-49afaca36cd8,Kathryn,Frazier,1946-10-06,cervantesjennifer@example.com,+1-338-352-9610x9507,2023-09-08,Divorce
87479b73-6038-4bd0-bc13-8440bc16ef80,Kim,Acevedo,1956-12-10,kristy51@example.net,(808)204-4937x58487,2021-07-04,Empty Nest
84e67fcc-77ad-49d3-b747-93d376c36f87,Dale,Marshall,1993-02-08,juanpierce@example.org,+1-531-506-5116x74036,2023-01-25,Marriage
d8b1f367-80da-4ebe-ac9a-224daa751540,Tina,Garcia,1936-10-25,bethedwards@example.org,459.873.4881x0594,2023-07-23,
9d24ee92-01e4-44f7-80ba-c5ff15e8d4d8,Courtney,Salas,1977-11-15,nelsonalex@example.org,9202944871,2022-06-01,Medical Event
b159470c-1da5-49c9-99fb-2dd4566a64e1,Megan,Delgado,1979-05-07,bheath@example.com,704.449.7305x544,2020-09-14,Retirement
d29e7779-ace6-4325-afae-e646d47df40d,Tracy,Jordan,1983-03-22,johnsondiamond@example.org,001-616-266-4290x80930,2024-03-22,Relocation
40703469-7851-4290-9fda-5984644361ff,Julie,Morrison,1996-02-16,tracymatthews@example.com,(286)524-0330x67707,2023-07-10,Relocation
6c87e589-7cb7-4d79-9209-9b8e77664084,Brenda,Jackson,1945-06-06,tthomas@example.com,(799)812-0143x87071,2020-10-13,New Child
b1bbbc1d-5cc8-477a-9293-b700b1bb208a,Sarah,Johnson,1968-11-04,marythomas@example.net,001-784-908-8171x849,2021-01-20,Starting Business
1b921328-121d-442e-b9c2-55299b838a22,Jason,Mcintyre,1987-10-22,shortnicholas@example.com,724.340.6293,2023-03-24,Home Purchase
9f9b7c9a-6994-4f99-88a1-b091e8a42fbc,Destiny,Montgomery,1999-10-18,vgillespie@example.org,8582898292,2024-06-01,New Child
f546f7bb-0a09-429e-9d82-ebadb8284638,Nicole,Dunlap,1978-09-04,david73@example.net,001-864-296-0978x15070,2021-08-12,Divorce
0f559d91-7bf2-402d-9d57-7be9aafe784a,Lisa,Armstrong,1957-03-14,bridgetarnold@example.net,692.690.2615x148,2024-10-23,New Job
b0157005-865f-473e-9d97-fd359bf1396d,Joshua,Martinez,2003-01-01,zachary61@example.com,+1-557-556-7869x65339,2021-03-19,New Child
85b9d839-7ce1-44d7-8958-0091703f63d7,Connie,Moore,1955-01-31,wolfadam@example.org,001-811-630-7615x442,2024-06-28,Graduation
a7e2a3ac-3648-4e7d-96b3-a3d8a113b038,Tiffany,Ayala,1968-02-16,stevenross@example.com,001-591-836-8873x31141,2024-03-30,Home Purchase
d57121d3-c176-45bb-a0c3-820d63127d7e,Roy,Gutierrez,2002-08-09,stephen99@example.org,2038470885,2020-07-21,Medical Event
b0ced999-a919-4d5d-8402-b4650930f370,Angela,Williamson,1942-03-16,sheppardemily@example.org,+1-559-520-3268x11123,2024-04-04,Relocation
2042691e-b8e5-4fa3-9864-3625ee1278e0,Michelle,Rivera,1999-06-06,jessicaharris@example.com,439.656.9763x165,2020-04-06,Starting Business
05a47169-89e6-4d01-bbc8-d991898ff18b,Brandon,Salas,1956-08-12,pdalton@example.com,244-981-5893,2023-07-24,Divorce
fdcb1965-6421-4a14-aa0b-144a622aad59,Ashley,Clark,1979-07-06,michellearcher@example.org,634.758.2116x5308,2020-03-18,Marriage
57f6178c-bc0b-48e7-a317-c49d670ef47c,Victoria,Bauer,1967-07-07,paula45@example.com,961.477.9609x165,2021-05-08,Divorce
0f340b57-1caf-4459-8092-20bf15a5ab23,Zachary,Wang,1941-01-26,bellmichelle@example.org,001-829-628-0933x8077,2023-10-04,Relocation
8abf2622-04b2-40d4-b257-1a27379f2493,Gina,Short,1938-11-25,charvey@example.com,001-946-663-9556x12574,2022-08-13,Marriage
4d8816fa-ca81-4c89-b87f-db172441cad7,Patricia,Cline,2004-06-06,kayla30@example.com,4272177364,2023-02-20,
f29288bf-04e3-461f-8714-0075f72757fd,Emily,Hernandez,1982-07-19,whitedavid@example.net,6614689977,2022-07-07,
551a42a7-2fb2-4e5e-a5a1-e84d7b627f26,Carlos,Lee,1956-05-01,hamptonsarah@example.com,230-673-5353x483,2021-01-18,Medical Event
c01a2124-1134-4cf4-a1b8-c389b502ebd9,James,Elliott,2006-01-28,lacey79@example.net,201-544-7019x0042,2020-10-22,New Child
1365509f-b793-417f-9d29-9669e488cf47,Michelle,Middleton,1990-06-18,rrussell@example.org,(865)589-8489,2021-10-29,New Job
411c03e8-4112-4484-855f-30fd74981d59,Juan,Vasquez,1980-09-30,amanda16@example.com,(272)935-3487x563,2022-08-19,Career Change
e04bd080-693f-4a77-bc6c-22a456799cd7,Jasmine,Gonzales,1935-08-10,john08@example.net,+1-832-360-4724x283,2021-01-04,Home Purchase
740d25a2-42b5-404d-be18-a84944ff597f,Brian,Sloan,1955-10-23,deborah05@example.net,+1-964-523-2648,2023-03-29,New Job
641cbc75-0cde-4505-853f-7bd1a3e4a4ae,Shannon,Tran,1963-12-25,josephdavis@example.org,+1-593-917-7372x58467,2024-11-21,Starting Business
8ef65024-6be8-4422-b21e-0c62a61999c9,William,Norman,2002-07-19,qmanning@example.net,229.779.7466x44674,2020-08-06,Marriage
fc1b33c8-758e-41fe-ac97-8170c8fe5b49,Paul,Chambers,1987-12-04,imontgomery@example.org,+1-615-522-4710x75367,2020-09-20,Inheritance
9ea26e6b-a372-440d-81c9-4fcedc67e174,Eugene,Frazier,1938-07-04,watsondana@example.com,(925)363-4711,2022-01-07,Retirement
552754dd-d5ad-4b94-a582-906d30c08c0a,Cheyenne,White,1982-03-09,taylorbrewer@example.com,(618)341-0204x7685,2024-11-25,Career Change
1b1df8b2-de42-487c-8ec8-ab235457252e,Rhonda,Miller,1964-07-10,jamie45@example.com,(436)888-3101,2021-07-06,New Child
0b76165a-38fb-4c96-aa5a-ab215595050d,Danielle,Nguyen,1981-10-15,jared73@example.com,653.527.4505x9145,2023-10-13,Starting Business
797169a5-bab2-4d95-8981-c2f0716c58a2,Heidi,Hoffman,1957-12-27,scott83@example.com,290.758.1301,2023-06-19,Starting Business
d4358532-c94c-422a-880f-a2891489d7f2,Cameron,Turner,1978-04-26,jacksonstephen@example.com,(416)464-4801,2022-02-13,Relocation
eef7aaab-dee5-4ce0-bf3f-1c64eee6214e,Sandra,Clark,1968-01-20,annettethomas@example.net,595.420.6695x54922,2025-01-13,
1e8d2abd-04ff-4aff-8487-7782125a4822,Amanda,Lewis,1946-05-07,joseph51@example.com,(601)637-6894x86484,2021-05-02,Medical Event
24d511a3-f7d0-4f26-8648-b426639310e8,Lee,Peterson,1976-06-05,janet33@example.com,311.891.0965,2024-01-21,
97cac159-0e67-4108-9b31-191a8d721d63,Joseph,Grant,1996-02-07,julian83@example.com,772.630.9996,2020-02-16,Inheritance
8c3f27c1-8cc4-485f-a4fb-6000f493b33f,Valerie,Ray,1953-04-14,arthur97@example.com,001-521-869-2957,2024-01-29,Divorce
7fe5a9d3-87bf-467b-ad44-76a225214555,Richard,Munoz,1937-01-05,joyceparks@example.com,(729)902-4928,2021-02-04,
c20495fb-7aad-4cfc-af33-f5b39e0ae5c0,David,Woods,1986-12-20,angelawilson@example.org,372-312-7593x710,2023-01-27,New Job
e5598093-1d40-4797-a89e-993b3c5493e1,Samantha,Robinson,1995-11-27,monica31@example.net,296-500-5187x549,2020-03-23,Relocation
83caf2fa-659f-4b95-9f2b-4fb18391be2a,Theodore,Lambert,1999-03-16,bakerbryan@example.net,(508)635-0897x445,2020-07-07,Marriage
b9bdbb38-3afb-4e94-b1d4-e1a3b1cbf15e,Justin,Graham,1998-11-22,evanspatricia@example.net,(601)362-5307,2022-06-25,New Child
6f0c7f57-fde1-45fb-9f96-06736748e3dd,Raymond,Douglas,1939-03-13,gonzalesedward@example.org,563-543-2683,2021-12-06,Graduation
bb8a3d81-00a9-40e6-ac1d-423a3155e07c,Scott,Bell,1943-12-18,jimmy95@example.net,+1-403-975-9210x161,2021-11-24,Retirement
ce8e057a-6bfe-4f0b-a1f8-bde935b25447,Chad,Colon,1995-02-22,llee@example.net,666-980-9898x937,2022-01-05,Medical Event
45f9bb7c-c4be-440f-a5b5-e3c0e7c6a0c0,Brandon,Weaver,1971-09-08,tylerdavis@example.net,001-681-326-8222,2022-12-18,Graduation
44823c57-d0b2-4f24-acca-dc7703016b95,Brett,Zavala,1983-10-25,wboone@example.net,8535369719,2024-05-20,New Child
4b6fbb3f-f200-463d-a799-194bfb62fb39,Kevin,Bates,1944-04-29,patrickmiller@example.com,+1-246-901-7605x5018,2022-06-08,Starting Business
c8955924-2062-4e86-ac46-cd5b4c7982b2,Brenda,Schroeder,1947-06-23,kmack@example.org,693.271.8897,2022-10-17,Relocation
c0a5e239-2a74-4d00-9714-0ff1cf1c3856,Brent,Freeman,1985-06-18,jenniferwhite@example.org,+1-796-520-3705,2023-07-07,Medical Event
a57589a8-8058-4738-aa83-bc7fbeb1ad3b,Frank,Fernandez,1949-08-19,bethany50@example.net,565-607-1370x96932,2022-01-26,New Job
b220c2c0-7120-46bd-bb6b-6acf2cd51657,Emily,Bradshaw,1945-07-15,mary58@example.net,881-504-9452x520,2020-04-19,
de8b2cd3-3559-4083-bd14-dbf0593b2f96,Kristina,Evans,1976-12-08,williambush@example.com,672-460-4223x35452,2020-04-06,Medical Event
2a5970d5-658d-4df6-bcc2-acd8ed2a2441,Angela,Davidson,1934-02-05,yutiffany@example.net,(860)652-5752x8213,2022-09-24,Relocation
fbb7fb12-afcb-426d-94f5-8f0872083b0c,Veronica,Manning,1991-04-02,bruce16@example.com,+1-414-421-0589x44536,2020-02-20,Marriage
10d04f1f-4e7b-4283-90ed-7bfb081de145,Amanda,Ferguson,1946-04-22,ejenkins@example.com,001-975-211-1850x3848,2021-07-20,Medical Event
c7ef1d72-b512-4342-817f-509ca3617f57,Gabriella,Horn,1993-01-21,johnsonbrandon@example.org,(449)604-6772,2024-07-03,Empty Nest
f43eabcb-1b9f-496d-ad51-4f7efe56ce7d,Danielle,Meyers,1955-01-11,ykim@example.net,+1-950-839-8762x21682,2023-07-28,Empty Nest
4be035fc-30ee-494b-b3f3-5f1017d55312,Nicole,Smith,1962-01-19,chadbird@example.net,(227)985-5275,2024-09-18,Medical Event
ff851ea3-1e58-4a7a-8918-7c75571cd9b1,Cody,Turner,1985-08-10,danielwilliams@example.org,406-778-7849,2024-08-14,New Job
78d68d2c-cabe-4436-a922-99c2351bc6c4,Eric,Smith,1991-08-17,daniel71@example.net,9523711975,2021-04-09,Graduation
f28cb661-2118-47ee-b3cf-e146168219a2,Breanna,Floyd,1982-11-11,lbishop@example.com,207.944.8329x71867,2023-12-17,New Job
1357fdc2-2bde-4bad-b000-aa2b4b816f71,Teresa,Phillips,1953-04-20,williamanderson@example.net,878-551-2406x701,2022-01-19,Inheritance
d073c918-8899-4fa3-b208-28c468d2aa0f,Nicole,Escobar,1950-10-01,wbarker@example.org,(552)772-2064,2021-06-21,Divorce
87ac427a-a0c6-49fe-a538-eeb81c04abd6,Adriana,Martinez,1934-05-25,dhunt@example.com,001-597-410-0496x943,2024-04-11,New Child
f6c38645-d5d9-4a74-8c16-526808295461,Tracie,Barnes,1947-05-11,wgonzalez@example.org,504.562.1396,2023-02-24,Marriage
a65ce453-a8bb-4f08-9690-9546099099e3,Hannah,Torres,1951-07-25,amber48@example.com,+1-274-510-8598x880,2022-02-02,New Child
17f4388a-8be8-422b-ba1a-62f6153dd80e,Michele,Pope,2005-01-12,qbarnes@example.org,001-671-939-6424,2023-11-03,New Child
0f8de13b-0731-434d-9290-ccd1d9a34a80,Melissa,Spencer,2002-12-16,lewisnicole@example.com,+1-540-465-0960,2022-04-23,Empty Nest
08586ff4-431c-4dfa-845e-66faca6014d2,Andrew,Welch,1982-03-26,nathanjordan@example.com,+1-889-792-5729x798,2023-08-07,Career Change
fd73b16b-6c58-4330-bdd2-8d2185619695,Susan,Wilson,1949-09-25,xwilliams@example.org,+1-417-866-4619x27829,2024-08-16,Inheritance
e18192b1-cc7a-41c2-8a89-87c1a8c5a727,Mark,Ball,1951-01-04,wardjonathan@example.net,001-768-702-4433x951,2024-02-26,Home Purchase
e132fbb1-c5d4-4ef3-97fc-f36acccaaec1,Deborah,Caldwell,1974-07-05,michaelanderson@example.com,(937)626-7576x08010,2023-07-11,New Job
72e14644-24b7-4ac8-bd47-87b0a4960322,Kristin,Miller,1939-08-16,jstrong@example.com,204.440.5515,2020-11-05,Empty Nest
684ba0c0-b5d7-4566-9df9-5b7ca08ea0c6,Earl,Novak,1936-10-01,kpeterson@example.org,756-459-9101,2023-06-02,Empty Nest
581219d2-509f-4909-8eae-a61f0abe6dd9,Noah,Mclaughlin,1991-10-14,zbarnett@example.org,4669399123,2020-06-06,Divorce
8316db40-b785-4bdd-9fc6-beee32946e7c,David,Dominguez,1942-03-29,david73@example.net,819-723-1671x6051,2020-03-25,Medical Event
aff65ac3-9fca-40ce-b908-011f4107a015,Michael,Meza,1989-04-07,ryan38@example.net,902-900-6421,2023-08-13,Starting Business
1d6b54e8-c92e-4ab9-9a34-05865b0bf8fa,Robert,Patton,1968-06-16,alangill@example.org,686-789-2072,2025-01-03,Starting Business
791c4183-7af2-48a1-9002-a5d9d098d7fd,Thomas,Skinner,1995-02-11,davidramos@example.org,(558)375-8124x28031,2022-12-16,Home Purchase
5e714573-3875-40e7-9d2c-0e83472618fe,Brandon,Dennis,1950-12-20,cory14@example.com,690-893-8183x10771,2020-04-21,Marriage
28559f6b-a261-4faa-a0ab-1eb245a67fb6,Dana,Stafford,1963-06-06,pollardkathleen@example.net,578.550.9499,2021-09-17,New Job
965ec7f2-6fd0-4f22-90e1-bef1418c0106,Danny,Russo,1961-01-24,iallen@example.org,598-775-0276x436,2022-02-23,Marriage
9fdf4b8f-630a-43ff-b306-e4a5b5c2b756,Brianna,Ayala,1971-12-01,usummers@example.net,779-927-5851x0138,2020-01-19,Career Change
b5d8ece0-ffe7-4feb-9b10-786a4f7c89aa,Eric,Petty,1979-07-14,davidsonjill@example.com,272-979-3080x8350,2024-02-07,New Child
255b0e2d-252a-492d-903f-5ff32b2b6a0f,Amber,Hamilton,2003-10-07,cruzdawn@example.com,580.366.3549x1663,2023-06-05,Starting Business
a9f7af19-2f25-429a-8ce3-20f6be6e70c4,Joshua,Campbell,1968-12-21,kellyanderson@example.com,799-786-3894x855,2022-05-13,Inheritance
9343e4c1-dc5e-41a0-a945-9402fdbf0d2e,Kayla,Castillo,1967-12-29,annhughes@example.org,(650)444-9425x242,2024-06-07,Retirement
6beae91d-0e28-4046-a99a-892f2849beef,Sarah,Johnson,1948-11-08,pcook@example.net,7893214658,2022-03-20,Graduation
e289872f-7117-4691-931a-27640386f3b7,Ruth,White,1953-04-18,cameronlatoya@example.com,(871)891-7998,2024-09-19,Empty Nest
801203cb-9a91-4ef3-9081-cfcdcc951866,Devin,Robinson,1954-06-29,joshuawilliams@example.net,(630)521-6991,2023-01-09,Retirement
d6933dd1-0be5-4f68-b0e6-b8b7865e91e8,Yesenia,Mitchell,1992-02-22,donnadiaz@example.org,418.605.8071x770,2022-01-13,New Job
07c2cd2e-c1af-425c-a725-70323ac2e1c5,Cynthia,Smith,1982-01-06,monica62@example.com,(767)837-1609x005,2024-01-28,New Child
0d06a435-28b4-4d2d-b7b7-90376fd33371,James,Martin,1961-09-29,katrina12@example.org,(279)225-9028,2021-11-13,Relocation
c342729c-e744-48f6-ad64-d7e5687188af,Rebecca,Sims,1947-05-02,rmayer@example.net,+1-884-869-5762,2020-03-08,
d48c10a8-1293-44f3-b868-da34880d2418,Christopher,Escobar,1979-09-05,jessicabranch@example.net,723-361-9618x7026,2021-03-14,Medical Event
13a328ca-27f1-477b-bce8-846e5ee29035,Carrie,Morales,1939-08-03,kristina21@example.org,001-323-877-7032x4430,2021-12-30,Career Change
97462233-c08f-42b9-b548-60116267e7d0,David,Rhodes,1964-01-28,lorijordan@example.org,(415)508-8574x406,2024-05-17,Inheritance
f4492ec5-1a67-470d-8b1c-3bdf7be3641b,Michael,Holder,1953-01-28,brittanyhines@example.org,8968657767,2023-08-25,Medical Event
fe8acf60-9601-4915-b12a-5731a0082ed0,Timothy,Rose,1976-09-16,david85@example.com,(601)320-2185,2024-01-07,Relocation
8b30c686-7086-435b-853d-5357a46e8d29,Brian,Martinez,2002-01-06,ericcrawford@example.net,+1-573-354-5358,2023-07-24,Inheritance
36f1652f-9c6c-42d9-9c6a-5b95f99f66f8,Adam,Hicks,1971-06-26,benjamin22@example.net,(268)956-7286,2021-08-20,Starting Business
d8298c80-8c63-435a-96d8-302a01943420,Alan,Williams,2002-05-23,osantos@example.com,805.995.5453x633,2022-11-29,Medical Event
5554fa36-f50e-4106-b1e6-4f7435bf1ba1,Sarah,Pacheco,1945-11-03,etaylor@example.net,+1-326-710-9595,2022-09-19,Inheritance
0257d4d9-73d2-487a-9055-16dcaabecf68,Alexander,Gutierrez,1997-08-14,teresa73@example.net,967-641-0710x897,2021-06-17,New Child
22328ee8-85c4-4223-9a6d-09abce25aae3,Jeffrey,Ward,2002-05-13,sadams@example.net,8619288642,2020-08-20,New Job
4a6c7cf5-d563-423d-b687-485d0282f0dc,Andrew,Jones,1996-09-08,haydenmaldonado@example.com,806-554-8655,2021-12-08,Retirement
476ad9ee-fcdb-4d29-99a3-09203cc01e6b,Adam,Moore,1985-08-27,xhouston@example.org,001-553-416-5622x83626,2021-06-14,Home Purchase
ce90f72f-ff4c-4ee8-bda8-682d2193911d,Diane,Ponce,1992-12-12,christopherhoward@example.net,778.898.1407x059,2021-12-21,Medical Event
0efdfa3a-018f-42e2-bf6f-80e2a8c223a9,Benjamin,Kelly,1992-11-09,ronald41@example.com,364.459.4449x0819,2020-04-29,Inheritance
9a5e5f74-04b6-4769-9620-5d203faa60af,Margaret,Brown,1967-06-28,brandon46@example.net,490-316-7059,2022-09-07,Marriage
48ec9128-be6e-4bef-91ee-6a0f51832668,Shawn,Bentley,1936-12-10,bishoplee@example.com,001-717-811-3076x7374,2023-06-05,Starting Business
508b6fea-6c56-4cf4-bf2b-8b07adf739b7,Sean,Ayala,1948-05-08,uporter@example.com,800-776-2122x912,2024-04-26,Graduation
e83663be-88bf-4f97-81e9-1378306a8875,Victoria,Jacobs,1973-12-20,george31@example.org,(524)254-4200,2022-10-06,Retirement
dea775e4-950a-4d6e-bb25-7dddbbac18a7,Todd,Ward,1995-03-22,christopher53@example.org,916-840-1540,2023-06-14,New Job
d7037982-1454-47a6-9697-aeafa4b6dcf8,Robin,Lopez,1988-11-11,cheryl04@example.com,+1-774-752-0956x3503,2021-04-06,New Child
82412d95-6068-436b-9409-83eeee9ed13a,Troy,Brewer,1970-09-16,cervanteserin@example.net,+1-817-884-0784x097,2021-09-22,
a2f61f65-5365-4177-b747-7544d95d8750,Stephanie,Mitchell,2006-10-25,qreyes@example.com,+1-699-319-5223,2022-02-02,New Child
a7471cac-e119-49f1-8011-09953f107174,Dawn,Rodriguez,1979-11-27,robert84@example.net,(611)207-4181x924,2022-03-05,Starting Business
b432e799-3a20-45af-8a95-7f8a7b3d0bdc,Kristen,Castaneda,1955-04-08,michaelmarks@example.net,001-798-955-2731x866,2023-04-05,Empty Nest
39cfc185-8d0a-4e92-851e-f8c82d1c015c,Michael,Hill,1990-07-19,qlee@example.com,+1-276-292-1550x83949,2024-07-25,Graduation
808d26ed-a04d-4f1f-b428-601126e0e3d3,Mark,Harrington,1939-12-29,michael05@example.net,733.203.5149,2020-04-12,
a06ee0da-7a9e-49e3-a82f-02a964e38129,Pam,Johnson,1967-12-04,jpalmer@example.org,001-249-538-1559x587,2023-05-22,
559d3273-6775-4d81-afd6-32bb9293e8f5,Michelle,Morton,2001-07-25,christina80@example.com,(886)425-6082,2024-01-09,Retirement
fea7e690-27b7-4730-aaf3-d3c6a0f77c7b,Julia,Jackson,1934-10-09,osandoval@example.net,001-339-460-9141,2023-09-29,Starting Business
b0115a3f-e2a7-44b0-b09b-92405153561e,Michael,Davis,1948-06-25,anthonyjenkins@example.org,+1-857-236-9748x473,2020-10-18,New Child
a2220de1-695c-4050-bda5-08e9c84a665a,Stephen,Ferguson,1999-03-01,edward51@example.net,669.534.6490,2023-08-24,New Child
3a594922-9fa4-45e2-8c2b-81e7e7620a65,Lauren,James,1935-04-24,pwheeler@example.net,450.684.3980x39952,2023-10-21,Marriage
9ee147cc-9d23-4f17-bf93-8bd38f670f00,Mary,Harrison,1941-11-18,mthomas@example.net,472.232.4849,2023-08-17,Divorce
363defdd-6682-4fac-bd75-9db30e0cdf1a,Anthony,Jones,1958-10-05,michaelwells@example.com,001-650-600-7158,2023-10-08,Starting Business
10ebc045-91c5-43e5-bb1c-0e578efbeb05,Haley,Andrade,1954-07-03,zmedina@example.com,2149338270,2021-05-27,Marriage
3e254468-f0c7-468a-8233-c4885bd57d2c,Ellen,Ho,1981-01-28,anthonymoore@example.org,(619)289-8976x833,2021-10-30,Retirement
301c4588-5233-42e8-9e74-87555e91077c,Alexis,Webb,1946-01-24,gilesjennifer@example.net,690.884.0269,2023-07-16,Inheritance
614c4d63-d788-4c66-80d3-e238b2f5a110,Jamie,Chambers,1961-05-08,sho@example.net,8324575085,2022-12-17,Retirement
0e0ffb69-0889-486d-8a0d-955075c1d7f2,Hannah,Mitchell,1999-08-13,glewis@example.net,(972)468-4103x116,2023-08-12,Relocation
4a187a61-284a-4d78-9a25-1b97afcbcc70,Vanessa,Camacho,1996-10-03,anthony62@example.org,4579662638,2020-05-22,Home Purchase
ee9c4812-1968-4d0d-b451-09ea6cf4f7fe,Matthew,Rangel,1955-04-18,gardnervanessa@example.com,(549)382-1078x65802,2024-10-17,
f22ceb11-9118-4a7a-aeed-efd0002da506,Eric,Robbins,1954-12-18,dyu@example.net,3367390611,2023-11-11,Retirement
855eb85e-a810-4eb5-8bd0-2f50411f2213,Hannah,Jones,1938-08-10,durhamthomas@example.net,6866111681,2022-06-24,Career Change
21448220-0ba4-4133-8ecf-920cb132ab51,Elizabeth,Thomas,1959-05-03,jessica79@example.org,001-586-908-9059x84837,2022-09-14,Empty Nest
3cf92cc6-82ce-4ae5-9b78-1d5cb76d2222,April,Mayo,1945-05-10,williamramsey@example.com,(494)497-1422x61483,2021-06-12,Retirement
73250ef5-5e53-4601-bff5-e58291279579,Nicole,Wiggins,1972-08-01,qtrevino@example.com,001-788-851-9890x19298,2021-03-29,Empty Nest
650fdd4a-8002-4e2d-8bac-434b8bf4dd4b,Patricia,Nelson,1936-03-31,msimpson@example.com,2067891478,2020-10-22,Graduation
8c972b97-ff21-4304-a5a6-55c28e33d336,Lindsay,Norman,1953-04-06,robertoanderson@example.org,+1-200-229-3388x881,2024-06-10,Career Change
bf320874-0122-4fc7-b903-021d1d1ebac2,Crystal,Harris,1949-12-10,adriansanders@example.com,001-369-395-5423x2718,2021-11-14,Career Change
4c7e15c5-7002-49ca-8b7b-b16b3438ab7c,Stephanie,Estrada,1981-12-16,tammyjohnson@example.org,(420)540-7251x0905,2023-07-16,Starting Business
7b5e5b45-623c-4b1c-af19-a7d650837498,Michael,Newman,1974-09-21,smalltara@example.net,323.795.5469x62858,2024-04-18,New Job
051085a8-a38c-4cf1-ac55-86c605101e4b,Daniel,Becker,1934-08-10,amcdaniel@example.org,+1-505-545-8976x73132,2023-03-26,Medical Event
46f18ad4-5a2b-4f56-a6f2-8b340dd5fbbd,Michael,Kelly,2002-02-13,katherine53@example.com,9367902176,2023-02-15,New Child
5c74ee2c-f5b2-4b6d-9465-52ceba7cd47f,Robert,Price,1967-11-14,cory92@example.net,+1-662-469-1289x7394,2021-07-01,Relocation
295a1658-c858-40f9-9551-07e4adedede0,Linda,Atkinson,1954-08-11,kellywallace@example.org,(202)701-0761x8735,2024-04-07,Marriage
9e908fcc-2d6b-4d46-8b94-5a895d9053a6,Matthew,Ashley,1943-08-13,owillis@example.com,(570)365-9635x96968,2023-06-10,Divorce
d97e23a6-c692-42c0-8950-63266cc139ca,Scott,Smith,1950-06-19,kathleenwright@example.net,309.723.5183,2022-04-11,Career Change
00aa1dcf-0a07-41e9-b205-8deb971ef07b,Jennifer,Schmitt,1997-11-08,aunderwood@example.org,4308103070,2023-09-29,Marriage
7c0b50c6-29b6-47dc-bd43-bfc905fbdef7,Jacqueline,Wilson,1962-08-17,melissabaker@example.com,001-947-767-8264x2227,2020-07-08,Starting Business
e7389a0d-d381-4683-9dd6-ab945135c57c,Karen,Morris,1973-03-11,willisjulie@example.com,001-498-564-3413x219,2020-11-17,Retirement
21afaf48-45e2-416d-bab9-b8b2756348cd,Luke,Harrison,1979-11-05,james16@example.com,740-996-1803x533,2022-11-09,Career Change
d599c081-24f9-44b4-af21-c7a7f35f75e1,Steven,Avila,1937-09-24,glennwilliams@example.org,001-999-667-2679x185,2022-07-30,Relocation
e6c0e74d-088f-4f36-9dde-5a5ca97570fb,Christopher,Pearson,1998-11-24,dduncan@example.net,265-507-0338,2023-12-16,Career Change
fb370095-dc58-4ec9-9288-9a2b9e4c85c5,Kenneth,Steele,1975-03-18,jacobcarter@example.com,001-783-908-4372x9820,2022-09-26,Graduation
6d6fe1e4-0371-42c5-b2b1-a6cc60b12d05,Jacqueline,Stephens,1934-06-25,vwatkins@example.com,5656373048,2023-01-10,
2d5a42f3-079a-4ce9-b418-31d46a7365dd,Sheila,Owens,1968-09-24,fbowers@example.net,548.687.2340x050,2025-01-03,New Job
a07ee29b-65ce-4649-a780-c3da7ae5ab1e,Jack,Gonzalez,1986-10-16,danielle45@example.com,001-876-875-4533x8993,2021-11-03,New Child
b94c6739-2aa3-4a9f-890e-89412f968403,Heather,Hall,1942-07-30,garyponce@example.com,6156326354,2021-11-27,New Job
df343a03-3b7a-4937-8115-da2ebc102950,William,Scott,1968-02-06,helenschultz@example.com,(408)334-9482x82093,2023-09-24,
1a727200-b789-4b23-a080-5cb7e59c0d82,Antonio,Williams,1970-04-17,jkim@example.net,7985771675,2024-04-18,Inheritance
c5b24c0c-aeb2-4f4b-8571-031e8e207244,Courtney,Johnson,1992-09-17,jessicacarrillo@example.org,732-446-5870x383,2020-09-16,Retirement
4b0f06ba-471b-4eda-b0eb-0192db65d3e1,Barbara,Ryan,1976-07-30,jacqueline14@example.com,879-772-8896,2020-12-09,Career Change
cdafb902-13ac-4393-b7a3-2388efb40d1c,Deborah,Joyce,1984-01-25,suttonkristen@example.com,+1-889-449-8014x478,2020-03-18,Medical Event
7cb68922-a015-483d-9361-3758047bf8f0,Michael,Russell,1977-05-12,chadphillips@example.com,(336)895-9946,2021-03-20,Starting Business
81e2a66f-2d28-4afc-b46d-0ae558fdf278,Julie,Henderson,1935-07-06,alanle@example.com,(826)624-7840,2021-06-30,Starting Business
81e02e1e-4cbd-4bb5-ba95-51992fe7a890,Julian,Franklin,1953-11-22,taylorjustin@example.com,(582)870-0742,2022-05-01,Retirement
a580ddf7-813b-41f5-9715-86d189a9084c,Danny,Wilson,1995-01-17,qjones@example.net,+1-405-888-5463x891,2022-03-11,New Job
f9dcd121-08ff-45e2-a07a-99f81e7b1cc3,Donald,Johnson,1955-11-11,charles50@example.com,7749802830,2021-02-03,Inheritance
669352e7-40f0-4954-8a36-f168dff79ad3,Stephanie,Nunez,1951-01-01,lewiselizabeth@example.org,754-988-5949,2024-11-30,Inheritance
00e58be5-1b5b-493a-b125-031b0af4fc3e,Andrew,Merritt,1996-05-25,shepherdchristine@example.org,001-704-407-5165,2023-07-04,Career Change
fe47283a-be1b-4978-9c34-73878e8ca3ef,Erik,Burton,1935-01-22,noahlee@example.org,648-293-3896x756,2020-05-10,New Child
7f83a588-60f1-4b11-a702-5778f335d429,Donna,Walton,1983-01-01,daleadams@example.net,(660)990-8631,2022-09-11,New Child
460a2501-5dd9-4f62-a09b-19642de8bce7,Tracy,Arnold,1988-03-15,ronald24@example.net,+1-582-502-9830x519,2024-03-04,Empty Nest
474d3aeb-b8eb-4889-8db6-a2c19725085c,John,Reese,1947-07-03,hayneschristopher@example.com,(290)754-8224,2021-10-06,Inheritance
750e2419-4ba1-4092-b301-64798c1ab416,Debra,Hernandez,1934-05-09,andersonjoshua@example.net,881-833-8297x15238,2022-02-16,Inheritance
d71b546c-5098-452b-acdb-870130441aa1,Mary,Davis,1953-10-18,erin62@example.net,(956)713-7961,2021-02-02,Medical Event
45729f39-7a1e-4091-ab1b-907a96007788,Jonathan,Horn,1994-12-27,kimberlywatkins@example.org,414-677-4161,2022-02-25,Career Change
64d05275-9443-4ca4-b3d6-28c108bd597d,Chase,Hester,1965-05-10,john29@example.net,927-266-0193x7564,2021-08-18,New Job
e4a2fb44-e31d-4154-8518-070483cbf3ff,Steven,Campbell,1937-12-05,william58@example.org,001-382-871-5420x0575,2022-05-13,Relocation
a43f2550-b33b-453c-a0b1-cc6c2ba5a4d8,Rachael,Pearson,1935-09-19,donna31@example.org,+1-407-446-1216x4237,2023-06-17,Inheritance
2d3ec677-8b80-4710-b73b-a32eb8458267,Jacqueline,Long,1994-09-15,robleschristine@example.com,7766177017,2024-12-22,Divorce
b782e398-d6af-4a54-93c5-d41a30d51c52,Tami,Henderson,1988-02-14,penabrittany@example.net,001-684-606-8984,2023-01-12,Marriage
1a499f72-473b-4057-85d9-7e50195bb6ad,Joyce,Smith,2004-09-03,sparker@example.com,827-778-5371,2021-02-22,New Job
33b9e9fe-8a10-41d3-8c47-40fb52cf2d37,Mary,Gray,1981-12-22,heather88@example.org,496-988-7165,2022-12-14,Career Change
6021658a-ba7e-402f-86dc-a0e124efcf55,Thomas,Baker,2002-08-29,scottstephens@example.org,+1-208-924-2451x1004,2024-02-24,Marriage
ce97b4dd-00d5-4388-8a60-42f0ec5ca6e3,Kimberly,Mcclure,1940-05-20,donnacunningham@example.com,001-298-657-2793x2549,2023-04-24,Relocation
b943bef1-0681-4cd6-8f50-02f3d5ab37da,Kayla,Green,1951-06-02,brandygordon@example.net,710.926.2328,2024-07-07,Starting Business
f6411bad-1392-42fa-aa3c-839db7a4f234,Renee,Lee,1987-07-15,francisjames@example.com,5537702583,2024-09-02,Career Change
71aed8a5-ec2c-42c4-abf0-17b8dbb04ea3,Michael,Hart,2005-12-21,mackwanda@example.com,(930)843-2864,2024-05-01,Career Change
5f0b92dd-1df1-4d16-a808-b21133c37558,Wesley,Cooper,1940-02-15,edward93@example.com,727-519-1013,2021-08-18,Retirement
ecfcca95-a6e6-4a3b-b932-c86513098bdc,Michael,Bryant,1984-05-17,berryrobert@example.org,001-230-751-9125,2023-06-24,Empty Nest
4a2a4a3d-a916-4481-8546-68fe39b4809c,Crystal,Marshall,1958-02-15,amanda42@example.com,439-230-9223x3529,2024-03-08,Retirement
b4875afe-fb43-4920-9e83-f854d946e0a3,Jade,Farmer,1943-11-17,cruzwhitney@example.org,449.725.1449,2023-07-02,New Child
251fbc6f-c28b-41fa-b21e-418bbeecf4e9,Victoria,Weaver,1954-10-04,agreen@example.net,935.778.5111,2024-06-02,Empty Nest
fc891b7c-a8d1-436c-aba7-617d4901951c,Patricia,Lopez,1968-05-21,nataliedavis@example.net,(436)644-9189x8973,2020-10-11,Career Change
a135fb82-cb2f-41cc-983c-43947a52d9fd,Emily,Payne,2004-03-17,rcooper@example.org,677-623-3622,2022-09-13,Inheritance
b1392074-c53c-4ea9-b361-dd7e127e50f6,Jeffrey,Chapman,1998-10-14,kenneth62@example.com,458.224.3164,2020-04-16,Career Change
6fa6ca87-6566-4f7f-9580-1bba3f209b70,Courtney,Long,1937-12-26,charlenemoreno@example.net,(897)302-3915x196,2023-11-22,Divorce
26c752f6-461d-470e-8258-03d8f7f5c378,Alexander,Washington,1943-03-05,harrisonmichael@example.org,873.210.8831,2020-08-02,New Job
10b4f587-520d-44f4-8c78-e4236cb8f5eb,Charlene,Johnson,1965-12-08,jacobhamilton@example.com,4107619913,2024-11-15,Graduation
fadb7f5e-5892-46c4-bb42-02caca23b664,Sarah,Shaffer,1994-12-27,stevenkelly@example.com,(613)672-5043,2022-03-08,Retirement
37f6fe43-b7e8-4b2b-99bb-fc2fbf2b177a,Matthew,Chaney,2006-11-05,pgardner@example.net,001-836-669-1758,2023-06-17,Retirement
feab53a4-c538-415a-a755-455c1c6f1b90,Jeremy,Roberts,1983-11-24,lhopkins@example.org,+1-693-843-6269x88107,2020-06-24,
02816ea2-650b-4008-922c-56ebb12cc667,Robert,Maxwell,1965-12-27,marquezgregory@example.com,988-618-5755,2021-06-13,Graduation
af27c202-6578-4e66-81cb-922adcb7e893,Joann,Perez,1967-10-16,jacksonkelly@example.com,351.966.4305,2020-03-08,Inheritance
a65c1822-9d1e-451a-bb69-05644345e58c,Taylor,Pacheco,1980-07-07,christophergarcia@example.org,(991)832-1679x2261,2022-01-02,Career Change
6de5d0fa-ab15-4d6e-967c-e828084f5906,Amber,Brown,1996-06-21,mary03@example.net,(398)522-3497,2020-12-13,Medical Event
234218d3-55bf-49fa-92b8-b9c9c3187995,Robin,Ellison,1988-09-23,patrick78@example.net,300-865-9770,2024-09-15,Starting Business
304a5ff8-7b6b-4fcd-9ac8-a4142de81654,Melanie,Spencer,1966-03-21,phillipskathleen@example.com,867.986.4499x78183,2021-09-02,Divorce
ed7738c2-b791-4ebb-8a6b-8843379c8893,Jo,Burgess,1994-10-23,evansjim@example.net,+1-723-796-4336,2022-03-29,Starting Business
3e15816d-7af3-4ff4-ad20-40c96367e14c,Lori,Baker,1946-06-08,rebecca92@example.org,448-554-9904x33195,2024-08-22,Relocation
5927158f-d767-4664-97b1-9cb48365b621,Mariah,Singh,1975-01-11,qlarson@example.com,508-473-8948x20897,2022-07-11,Empty Nest
e9efd0d9-753b-4b00-b101-4b0646f1c67d,Courtney,Burke,1953-09-10,scottrachel@example.net,(980)602-7031x37727,2024-05-26,New Child
4615b740-6d8e-434f-a0c1-d9bcb2dbf637,Steven,Rivas,1968-04-28,jking@example.com,001-212-775-0140x60158,2023-11-12,Marriage
61dee16a-93af-4b72-8622-0989b05ddcbc,Bryan,Wagner,1970-05-11,christopherbrooks@example.net,+1-800-477-4192x8945,2020-12-18,Career Change
e9abad78-28b3-472c-9e9a-b133f37fdf22,Kimberly,Myers,1990-01-22,lindseytorres@example.org,6918961889,2020-10-20,Relocation
6ebc45cd-0238-4156-810f-f38dcb50e4d3,Karl,Cook,2000-04-09,khoward@example.org,(571)682-3109x6169,2023-01-27,
e8138832-16de-45b4-8d80-87e18bfca5fa,Tammy,Brown,1940-11-07,ashleybrown@example.net,(796)904-7702,2023-11-09,
dd015b37-390f-44e0-9d83-b66ea9a22e32,Nicholas,Hobbs,2004-03-13,clarkmary@example.net,7615613233,2022-11-30,
26210f4d-ba1a-459a-ae16-bf4b7c5f4d5f,Pamela,Sanders,1951-12-23,morganjohnson@example.net,001-745-378-0254,2024-09-14,Graduation
c773f621-cb84-476d-82f0-b88cfbe6a2c9,Daniel,Farmer,1958-04-28,joshua87@example.org,001-413-869-1514x5540,2022-03-27,Marriage
1f2c1c33-e313-401d-a017-2f57c832a9ae,Larry,Mata,1980-09-03,nicholas34@example.net,+1-616-518-8857,2020-07-14,
80456627-7331-4044-b852-ca2bb83d8f90,Richard,Oneal,1954-06-02,matthew48@example.com,+1-775-239-5875x707,2022-06-24,Home Purchase
f3b0a7bc-0893-4883-8063-b8058890de6c,Robert,Cunningham,1940-04-01,chaseward@example.com,278.826.2003x4285,2022-09-18,
93beb1a4-9a89-424d-a632-0c5be3bb4aa0,Terry,Ramos,1945-06-01,laura86@example.net,001-431-590-9449x41979,2021-07-11,
29ec9543-d543-40d7-ba1f-9349633315bf,Derek,Hughes,1974-02-21,alison41@example.net,9255491643,2024-09-28,Inheritance
6d0eacb1-f988-4ada-ad61-2ba7bb335395,Dave,Alvarez,1963-05-08,cherylalexander@example.net,2354020633,2020-08-07,New Child
bfd1d870-4fd5-49df-999c-78e7aef825c1,Joshua,Smith,1975-08-30,rick10@example.org,(528)968-1892x8278,2021-02-01,Graduation
a23c0a37-6b60-4b15-ad26-108b79c380b4,Jessica,Ford,1969-12-22,tranmichael@example.org,893-766-8534,2025-01-03,Inheritance
13b33dcb-1025-4bbe-b05c-6f55abce3460,Michelle,Coleman,1964-06-25,stefanie93@example.net,+1-476-254-3085x283,2023-02-24,New Child
bf0d65e6-21dd-4a8f-a29d-bf0c93c0e9a5,Destiny,Jones,1939-08-15,meganmelendez@example.com,(462)669-9495x606,2023-10-25,Relocation
21dc140b-236e-4da2-8725-a89497e1e29e,Jennifer,Gutierrez,1987-11-22,jdean@example.com,777.842.5037,2021-01-04,Starting Business
7c4722f1-f177-4c05-9182-ab5d4bc663a1,Cody,Anderson,2002-09-06,peter50@example.net,001-423-243-9039x622,2022-06-03,
e32a9094-eab7-435a-8062-36dce8977468,Laura,Tucker,1998-01-14,dustinwiggins@example.com,(268)793-8795,2024-10-13,Career Change
705d1fff-aacc-4fbf-99ed-1a7c944f1e91,Daniel,Kim,1952-02-12,kingstacey@example.net,998.486.0073,2022-03-12,Divorce
7bdcd1ad-0721-4ecc-aa06-c985ecaf4061,Ana,Brennan,1970-12-11,wilsonwilliam@example.org,253-896-7284x3189,2024-10-16,New Job
ae9d52fb-456d-4ad2-8ac3-73070f72357b,Darlene,Saunders,1994-08-30,courtney15@example.org,776-814-2596,2021-09-27,Divorce
29bf150c-8ee4-49c7-afea-25bf482dd45e,Erika,Butler,1973-04-28,wallerdavid@example.net,(343)355-3058x5377,2022-12-04,
ca359c6b-d36a-487c-84f4-15d522675ccf,Emily,Taylor,1969-01-09,ynelson@example.com,9022769716,2020-03-28,Relocation
a41f13a0-17a1-4bf3-bb6f-efe6e7f78daa,John,Shelton,1993-06-09,loganemily@example.org,+1-408-931-6846x566,2022-05-02,Starting Business
b1991ce2-c00a-4d79-b218-30df812da0f9,Shawn,Stafford,1935-05-13,jowens@example.com,838.238.6037,2024-07-22,Inheritance
53858dc5-cb8b-4943-8953-7d6b4f8079b5,Michael,Morrow,1946-10-27,oglover@example.com,001-817-584-1923x1106,2021-09-11,Empty Nest
f5cf6426-f335-48dd-abde-88c0a8b148cf,Charles,Turner,2003-07-10,clang@example.org,640.561.0337x5794,2021-08-02,Career Change
3e5948d9-4eab-41e5-8bca-bb8c0930b879,Devon,Santana,1995-12-04,marykelly@example.com,+1-619-209-7952x2635,2022-01-18,Empty Nest
fd690764-ac44-4156-9f71-7f2ab246770f,Jennifer,Garcia,1970-11-12,david87@example.org,6668980965,2024-04-30,Graduation
2439c954-1a13-4680-96f3-18ea9a5b592c,Lisa,Martin,1951-06-22,bennettdavid@example.com,+1-474-860-6601x239,2023-06-09,New Child
58c5041d-2da9-4d98-98db-0c04f3b91ed5,Anthony,Schmitt,1999-01-31,carlossmith@example.net,217.478.6575x314,2024-12-11,Medical Event
79ad0346-d332-4b8e-bea1-db9e54e005c1,Todd,Walker,1977-05-19,markdavis@example.org,3068608723,2024-07-09,Medical Event
96bdc682-27b3-4b18-a9d0-c0b456e5a593,Rachel,Howard,1958-11-15,qbradley@example.net,233-361-5264x3178,2021-10-11,Inheritance
408a0feb-fd8e-4206-bbd7-d5a578904905,Catherine,Johnson,1968-10-26,jared31@example.com,(737)469-4982,2021-07-19,
c0d8b83a-b093-4170-9a2f-9dac58b07f38,Michelle,Wilson,1965-12-19,dlewis@example.org,001-576-548-5076x0275,2020-03-03,Starting Business
e0469537-ffe9-4576-b81f-985cfd67374b,Donna,Duffy,1946-09-11,hudsonricardo@example.com,001-453-290-9542,2022-06-01,Starting Business
34b34eea-69bf-405a-b9c5-850306b20b63,Pamela,Walker,1987-05-11,ericathomas@example.com,2914575824,2020-08-02,Medical Event
c651f142-10c5-4be5-9982-a27bcfff58a2,Mark,Stein,1973-04-06,jamie56@example.org,645-694-8774x8593,2020-08-28,Career Change
0e46ae41-938e-44ec-9b5b-01376036bf8d,Christopher,King,1953-12-28,travis74@example.com,414-786-2443,2023-10-19,Empty Nest
22b64392-c67f-47bb-b64c-83c4a002afbe,Melissa,Berger,1935-05-21,kboone@example.com,992.778.6604x747,2022-10-03,Medical Event
5b2bfff8-8173-494a-b90a-34fae0cff84e,Sean,Anderson,1973-07-24,mercadomarc@example.com,875-224-4917x845,2023-03-10,Inheritance
979a1d70-fe71-4a38-b5eb-28af03a247d2,Derek,Thomas,2005-08-13,haletyler@example.net,(748)307-6522x3664,2021-02-05,New Child
19a23696-785b-48e4-88e6-9deb132b10d1,Brianna,Henry,1964-05-11,linda14@example.net,001-683-586-2359,2020-01-20,Graduation
1634b828-66d9-4cc5-8f60-07dd7fe79cd2,Mandy,Beard,2004-12-05,derek82@example.org,335.662.2069x413,2022-02-28,New Job
3e3b18bf-d19a-4f37-ac8b-b63b1e7f0e46,Laura,Richard,1941-02-03,zmccarthy@example.org,441.300.5813x0788,2023-04-17,Divorce
e7fa449c-03cc-49c9-b3be-4d41fdb4f11e,Michael,Carr,1991-01-12,phoward@example.org,6814267433,2023-04-04,Marriage
32714431-bab2-4a6b-9cc6-e41139f294e7,Samantha,Mack,2003-07-28,scott91@example.org,(618)563-2501x614,2021-03-24,Home Purchase
6336561c-d73b-4e74-9838-a115459d8493,Erin,Stokes,1973-11-20,marysmith@example.org,001-532-905-2683x0420,2023-11-20,Starting Business
450770cb-df30-4d1f-8e82-a6f8d6f73202,Julie,Fisher,1999-04-17,carrillolauren@example.net,871-259-0775,2022-08-30,New Child
4284e12d-cbaf-4ea4-b662-ceb63792ae6f,Lynn,Lopez,1953-04-25,morgan48@example.net,341.947.5375,2023-02-22,Divorce
d160fe12-b062-440b-bb91-bdf3a6768c20,Stephanie,Hart,1970-04-13,zrogers@example.org,+1-247-404-6904x115,2024-05-05,Marriage
bc753515-f4ce-420d-bd4d-b378dc930463,Mark,Hale,2002-03-29,pmurphy@example.com,(741)938-8240x9331,2023-12-03,Marriage
88723c9e-e8f8-4d2b-bea0-96eead45c9a5,Angela,Gutierrez,1948-12-31,robertsandrew@example.net,856-812-0874x807,2023-03-20,Medical Event
e1d0deb2-1877-4055-9020-a6143c0b2d2e,Sierra,Miller,1948-09-15,susancoleman@example.org,001-812-330-6776,2020-02-03,Graduation
bd214fcd-2f9f-4a04-8a23-0466b3d90f81,Dorothy,Stephenson,2003-12-12,mwilliams@example.org,(249)737-2637,2022-02-28,New Job
fa919b7a-016a-4c8c-947b-a83ce2952c91,Rebecca,Wright,1939-11-11,danielevans@example.org,691-320-7885x672,2023-08-09,Starting Business
6a04d000-ab67-4b6f-b849-54c9fb8fe6e4,Joanna,Johnson,1954-09-09,melissa28@example.org,(686)283-6704x198,2022-07-21,Empty Nest
95255711-829b-4623-b127-a03d9edb1e5e,Rick,Montes,1964-01-28,fwade@example.org,326-605-5654x35873,2022-10-07,Retirement
52663a8c-b3d7-4b6c-9e6d-5fc6d692fcb7,Fred,Mcintosh,1953-03-12,zcarter@example.com,8084191622,2020-07-22,Divorce
66bae6b1-dbf7-45d0-a4dd-4811ad4442e0,Jeffery,Stevenson,1984-10-24,erin51@example.net,001-943-969-5097x3983,2023-08-24,New Job
26a0462a-a171-4543-8e53-dfaa2a216345,Deborah,Reese,1970-12-04,lisa90@example.com,001-317-976-3878x05008,2021-04-12,Marriage
00f9bd61-9aa8-4915-a979-8a1d8663f3f7,Larry,Daniels,1996-01-19,petersenalicia@example.org,782.550.2412,2024-06-18,Starting Business
aeb6b550-b736-4ce2-b91b-5df245577d8e,Adam,Johnston,2006-12-02,uramos@example.com,895.920.2800,2023-09-29,Starting Business
b97100c0-2b84-4634-a444-ba0f612aac36,Kelly,Gutierrez,2002-11-19,jerry57@example.net,725-654-3976,2021-01-12,Career Change
69a86497-d94b-4076-9a42-a34dbb02a166,Nicole,Sanchez,1995-08-09,linda27@example.net,001-260-497-3722x5244,2021-03-10,Empty Nest
d0dd08d4-d738-4177-a5ae-752cc179402c,Jessica,Cole,1976-08-11,xgomez@example.com,207-882-5500,2020-03-02,
12830f47-3714-4968-ae44-a8f7e7cb0bc3,Dana,Morales,1988-03-10,ambercook@example.com,001-231-304-0430x4741,2020-12-06,Starting Business
c6469e1c-e104-477b-98c9-a4b9f0d85edc,Deborah,Mcintyre,1999-02-03,kimberly87@example.org,+1-758-651-9653x9975,2024-10-04,New Child
25466e32-0778-4f73-a144-45d22f7c11b9,Benjamin,Davis,1994-01-30,becky18@example.net,314-323-1810,2023-04-28,Medical Event
ff18244d-2a93-4537-a20f-c2b5bfddd1a7,Kevin,Obrien,1991-10-19,nperez@example.net,001-556-548-3311x79255,2023-06-23,Retirement
af6efc63-f05a-4c1b-b184-e1ba914423a9,Willie,Stewart,1958-04-30,timothybarrett@example.com,8372550221,2023-03-09,Home Purchase
81e823b1-2e98-48b5-8a10-c8438227c323,Charles,Flores,1956-07-22,pughdaniel@example.net,858-787-7374,2021-09-07,New Job
2ac89186-cc1b-45b5-8634-5f846ac629aa,Jason,Sutton,2000-10-05,eturner@example.com,(400)614-4920x0510,2022-07-11,Marriage
e764eb1c-1387-4b1a-875f-3f5f5969b840,Michael,Howard,2001-04-23,lisamorgan@example.org,(850)668-1408x070,2024-04-30,
48fc4934-f780-471a-b2ec-caa2a4b1666a,Amber,Smith,1945-01-27,irogers@example.net,(344)882-3714,2024-01-29,Medical Event
5414b4aa-3d9d-4ca4-b749-75ef963971ed,Cheryl,Ford,1965-09-19,ocarter@example.org,(279)362-3776x42573,2024-09-22,Career Change
796c9513-3055-454d-83bd-e195bde8e39e,Mckenzie,Burnett,1994-12-07,nmontoya@example.org,940.835.9528x479,2023-07-02,Graduation
2f1f19bf-ede2-4b3a-987e-19441eecf07c,Tristan,Leblanc,1955-11-10,kaitlinalexander@example.org,944-812-0979,2022-07-07,Relocation
34205e65-55df-4829-a7db-86fcda64aabe,Catherine,Adams,2006-02-12,lydiataylor@example.com,+1-754-969-9136x1898,2021-09-04,Relocation
0c0453eb-b0cb-4895-9476-471d0ab65b41,Blake,Williams,1994-11-05,ajohnson@example.net,+1-927-886-2199,2023-07-10,Retirement
d3344fbe-8cc2-4601-9450-32c5bebe0f41,Rebecca,Collins,1979-03-23,jharris@example.com,001-547-928-4463,2023-10-03,Starting Business
159b1474-2f6d-4f81-b469-e126a8f8e7b3,Amanda,Horne,2000-01-28,millermichelle@example.org,564.439.6116x82886,2024-09-02,Empty Nest
42537718-3ace-4bfb-b96f-2196b57ea964,Jeanne,Rodriguez,1955-01-25,glenngarcia@example.org,3015075150,2020-03-16,Career Change
a5690da6-ac05-42c4-8e56-2e7b446f5dbe,Kenneth,Logan,1986-05-21,stewartadam@example.org,001-922-574-9528,2022-11-14,Retirement
d0124879-2ae6-40e3-b4b5-4382308ef2e9,Ruben,Osborne,1944-03-19,zacharybush@example.org,896.729.3283x8175,2022-01-02,
aadd9a5a-be65-4e4e-8238-22dd693ecf5e,Loretta,Davis,1940-09-17,mollyromero@example.org,964.715.3310x7722,2020-03-22,Empty Nest
66cf5f91-d13f-4d24-8ef2-f2ceb2b5027c,Peggy,Anderson,1982-07-02,castanedarachel@example.net,(515)766-1507x0894,2024-12-26,Starting Business
ce837f59-2bf9-46de-8add-5d6c03cf19b2,Mary,Anderson,1964-07-31,egriffin@example.net,422.729.3946x98562,2023-12-25,Divorce
bac5d7e4-d696-484e-a714-bc384cfd384f,Mark,Davis,1951-12-07,harmonandrea@example.org,(602)620-3379x12654,2021-03-01,Graduation
d1636360-3a04-4f05-a33d-42dc882c0223,Robert,Fernandez,1963-01-24,yjones@example.org,001-625-505-3271x920,2023-07-10,Retirement
83444f48-a9a9-471c-9138-4e9b27194d72,Samantha,Collins,1955-11-09,kenneth64@example.net,560.824.3088x288,2022-11-28,Graduation
e91d376e-29ca-489c-adab-63a72d4deceb,Karen,Weber,1994-05-10,cristina21@example.com,(837)851-7734x39518,2022-02-06,Empty Nest
663f6f8c-6617-49b9-873e-0a141a0c95ff,Jasmine,Alvarez,2001-03-05,julie79@example.org,6057054529,2023-06-30,Marriage
8e6109c0-214d-4886-8de4-e4416f0eca33,Elizabeth,Cook,1944-07-15,diane66@example.net,+1-828-512-8683x2466,2023-09-06,New Job
74680268-6dd7-41c6-a90f-e6e67f72c794,Heather,Medina,1989-01-02,nlynch@example.net,(295)557-1677,2022-09-23,Marriage
37b9193a-1b6a-49e5-be6f-8b8223235146,Angela,Murphy,1994-08-06,vcampbell@example.com,399-507-2284,2023-02-26,Marriage
fdd9f501-0aa4-4828-ae88-dbb865938d20,Brent,Fletcher,1952-08-10,molly08@example.net,(783)598-3040x882,2024-12-10,Inheritance
9751c5e2-5eb7-4119-8579-019440f54c84,Samantha,Lynn,2006-06-28,ghernandez@example.org,391-439-2430x1760,2024-11-30,Empty Nest
4444051c-873a-474f-9689-55a2511a5e0b,Melissa,Williams,2002-12-24,andrewrocha@example.org,769.847.7190x3053,2020-09-22,Home Purchase
ba7eaec5-add2-4eb7-88b6-dfe8c8c052ea,Crystal,Walters,1964-08-29,christina12@example.com,(568)477-2974,2022-01-08,New Job
a46cdc30-dc65-4a54-b18a-7becd36fc5d5,Michael,Shaw,1973-04-04,jeffrey89@example.net,001-737-692-8813x97487,2021-08-07,Starting Business
00f405ed-b4be-4a2b-932e-f6028f0b48aa,Andrea,Owens,1958-02-18,jonathan31@example.com,839.565.7531x3779,2020-08-26,Home Purchase
c2525765-b094-40e3-8ed2-bcab36c22f55,James,Jones,1966-04-04,samanthajackson@example.com,452.983.3533x06179,2020-04-09,Relocation
a6246d83-a851-4092-88a7-66096c43772a,Zachary,Cannon,2006-12-21,ygriffin@example.net,001-237-331-0643x740,2023-03-16,Home Purchase
be5acfdd-cf48-44d4-886c-b180c736175f,Joel,Murphy,1941-02-18,rebeccablake@example.org,+1-769-623-6096x315,2022-04-10,Graduation
cca7e358-f8da-4c4c-8d41-135fd1ce1698,David,Stephenson,1958-05-14,gregorylopez@example.net,+1-563-883-8274,2023-01-19,Divorce
cc426f9f-4f9f-4d33-8a7a-716378885d1c,Lisa,Mueller,1964-10-04,lori96@example.org,(234)835-5791x44861,2024-12-01,Career Change
b7169ed8-8699-4b24-a47c-7432a6640d59,Paul,Wagner,1964-01-02,marcusgriffith@example.com,7315096372,2022-01-02,Marriage
1964bc41-6ad1-4a76-ab6d-d74d67428540,Mark,Harrell,1976-10-14,tanyanguyen@example.com,924.299.6232x41951,2024-02-12,Graduation
e1375289-b213-4aea-8dd1-87d20811e6c9,James,Browning,1978-02-01,cgallagher@example.com,4808443958,2024-08-16,Divorce
bd6ab956-3a98-440f-b941-214526f29e17,Nancy,Higgins,1988-10-02,alexandra24@example.com,701.297.8892x63262,2021-06-22,Starting Business
9bb9d339-43ed-44ee-b8d8-ecd03e16e534,John,Garcia,1934-04-06,jessicawong@example.net,881.574.2362x57331,2024-02-27,Inheritance
748435ee-9c80-432d-9b5e-cd3dcec93252,Erica,Perez,1938-07-16,ajenkins@example.net,(863)511-1962,2023-07-31,Career Change
84726302-9311-490c-975d-9895401129c9,Nicole,Simmons,1965-03-08,gordonjamie@example.com,+1-705-390-7035,2020-05-15,Relocation
ceb1eaea-f6b5-4141-b1b0-3ab871b1d254,John,Jones,1946-08-10,hward@example.org,802.263.5947,2022-12-11,New Job
f740a23e-ca8d-4a65-8c5b-7ed6b5769c5a,Daniel,Frank,2004-03-20,mackmatthew@example.com,(410)496-7782x274,2021-11-17,Career Change
1769fb5d-fe5d-4baf-900c-f6c23fb88c2c,Karina,Klein,1971-08-30,watsonrandall@example.org,(419)248-8467,2023-08-11,Marriage
83eea18c-fcea-4542-8fd6-0f4c70978fa2,Anthony,Drake,1951-01-27,uyoung@example.com,(284)520-2405,2020-03-10,Divorce
e546ecb0-881f-4b03-81b4-077cddd6baf3,Samantha,Freeman,1943-01-12,usummers@example.net,001-319-359-4669x160,2022-07-18,
aabfd494-45aa-499c-9cf6-a559e6e03368,Shelly,Flowers,1973-02-14,tsmith@example.net,+1-833-563-9783x89409,2023-12-29,Divorce
57025644-2ca3-454c-9656-8863a77df3f5,Laura,Bridges,1958-04-17,sarah13@example.net,832.317.9695x2981,2022-02-05,Graduation
4934cdaf-fd68-4f1f-85db-bc411d8724c9,Jason,Rosales,1980-02-07,jason91@example.org,(784)595-9717,2020-07-09,Career Change
cf53bea7-deda-4ba4-8a88-10dec8624385,Jeffrey,Terry,1992-02-03,qmays@example.net,857-934-2322x019,2020-05-17,Home Purchase
dc3077f8-4bbe-4f6c-b973-09bf77c8a494,Kyle,Hawkins,1996-11-20,thompsonterri@example.org,(644)866-1167x96959,2020-11-10,Starting Business
437d788c-a0a3-4a64-9b9c-6738608526e5,Justin,Ballard,1978-04-14,gamblealex@example.net,782.558.5401x202,2020-04-22,
d6127d8a-bb8e-4cef-bcbf-e81b45d84a99,Nicholas,Adkins,1999-04-22,tgarcia@example.com,(599)701-9573,2024-12-02,Graduation
deffb047-2dd3-4c50-95f7-26128f7b9379,Kristen,Alvarez,1962-01-29,angela81@example.com,001-270-641-6963x67067,2022-12-03,
13d1ef76-d2c1-47b3-ac89-c24d7add25f6,Elizabeth,Castaneda,1969-01-03,clarkdebbie@example.net,(794)437-1436,2024-01-19,Inheritance
94670e47-90c7-4e81-ae50-bc93b984d738,Sarah,Hatfield,1961-01-15,xrocha@example.com,2409350391,2021-04-20,Relocation
75b6c9d6-10ba-4478-adfd-5094170574ef,Courtney,Reed,1972-08-05,wmartin@example.net,+1-580-587-0842x614,2022-10-01,Marriage
3c6d0be9-ab7d-4d7d-8b4b-ea1602d09e75,Julia,Mccarthy,1975-04-21,timothy72@example.com,482.541.5754x852,2022-04-07,New Job
c5d87e3f-cdf7-4076-8c5d-1da41011b242,Shane,Mcdaniel,1953-06-07,cookcynthia@example.org,302-433-4071x83880,2020-07-03,Marriage
5fff89cc-bef3-41db-9ca0-f13a129c4c3a,Haley,Santos,1973-08-06,cranejasmine@example.org,+1-436-694-9757x51512,2020-09-18,New Job
1a8e2445-1ebc-49d1-8ae2-d59a5c7e4f40,Sally,Garcia,1987-10-30,gharrison@example.com,001-588-668-7173x9469,2024-03-10,Career Change
cc1f7f13-ea02-4a86-a46e-f04fe8bd261f,Trevor,Cohen,1950-11-12,andrew72@example.net,623-800-1366x58200,2024-05-09,New Job
5b0fb27d-b916-4392-b0b7-0be373416d6d,Isaiah,Walker,2002-05-21,cherylthomas@example.com,206.323.3736x577,2020-09-08,New Child
c56acd31-7a17-4451-a90d-18478cf92ce3,Jon,Krause,1966-10-09,abailey@example.org,+1-570-369-8515x2952,2020-01-26,Inheritance
22e3169a-cbf1-4f85-97b0-67cc40875966,Colleen,Vaughan,1977-06-22,mlynch@example.org,377-788-6636x23358,2022-10-24,Marriage
86c6075a-534c-4429-af03-ca1a613b18ab,Mary,Stephenson,1941-12-15,justin23@example.net,(638)366-9663,2022-12-03,Medical Event
6b23fe67-b058-4fe4-9904-5c58f81e8416,Christopher,Monroe,1937-02-11,vincent03@example.net,001-425-370-8419x3332,2021-05-23,New Child
e420766a-3228-481b-aedc-98fb1c690df5,Angelica,Fleming,1997-01-26,john29@example.net,482.436.9436,2024-07-26,New Job
63cf7d4f-38fc-4a94-83c1-cc8d502e7608,Christopher,Hurst,1940-12-12,frederickgarrett@example.net,+1-359-386-0295x07970,2022-04-08,Career Change
d0ba2006-1d76-41c0-9377-197709133664,Brandon,Watson,1948-03-13,randymorales@example.com,591-323-5298,2023-07-01,Divorce
48ec0226-bd0d-4751-9790-26328303d1e6,Matthew,Wood,1973-12-29,holtmichael@example.com,001-756-373-9177x0134,2024-11-25,Inheritance
fd1903e1-207c-404d-853c-28e1d5083b7a,Stephanie,Melton,1951-06-26,dmedina@example.com,600.318.3642x848,2024-06-11,Empty Nest
b2211912-8b9c-44d1-8acd-52cae121732b,Erika,Lee,1967-11-28,schwartzandrew@example.com,001-357-257-9362,2022-03-09,Medical Event
f19b4e6d-a2b4-44d3-97ab-09deb48fe398,Mary,Thompson,1995-05-09,irice@example.org,(662)352-7846x8727,2024-12-28,New Child
cb5b045d-22b7-40c7-bf4a-89b36f3608d7,Julie,Walker,2001-05-21,millerchristina@example.net,5969432081,2021-04-30,Relocation
baf9e2b4-8118-4099-a091-5e082c37222a,Mary,Phelps,1965-04-06,nancy72@example.net,+1-259-577-2019x70392,2021-12-23,Empty Nest
bf2d3a39-1a9f-4878-9798-9221d53949f7,Michael,Smith,1971-08-11,brownsusan@example.com,001-544-723-5306x79918,2021-06-08,Medical Event
75111b93-67e0-4310-8578-75d9f990b789,Lonnie,Sims,1965-01-14,jenniferlopez@example.net,001-614-369-5686,2022-09-10,
fba408c3-fd6f-4dbd-bf00-01e9226d0edc,Barry,Rodriguez,1987-09-25,kpatel@example.com,+1-720-848-0524,2021-12-18,Graduation
c1e0726d-6cf8-435c-ad26-29833b4797ea,Teresa,Blair,1979-05-28,shawnmoreno@example.net,222.529.1207x5913,2023-03-30,Graduation
9dc286db-a13a-4375-a9f1-f2f2c532f913,Margaret,Wells,1998-05-21,jasonwoods@example.org,816.738.6234x85019,2022-02-26,Medical Event
f741a9ec-50e7-4dc9-ad00-adabd4850304,Yvonne,Cox,1971-09-21,vnavarro@example.net,9066868677,2024-05-02,New Child
c7a89118-34e8-4ae5-b513-2e9e8b06d62d,Jimmy,Chen,1974-11-07,ramirezroberto@example.org,(988)367-6416,2021-06-12,
1da95da8-11be-40cd-b6f5-9aec75201ad5,Stephanie,Wilson,2000-10-23,bsmith@example.com,001-477-482-3610x631,2024-09-17,Inheritance
97b615d8-c387-484a-8ed1-3ddb00d3c2de,Monique,Thompson,1949-11-21,jvargas@example.net,7144709199,2021-03-17,Home Purchase
25a3e0ce-3d7c-45fe-85de-6569343536ce,Erin,Wells,1982-01-27,lopezrichard@example.com,288.559.8291,2023-11-20,Empty Nest
62a5f74e-5d68-4cf4-9918-5a9cc187e933,Monique,Hall,1935-12-29,crystal36@example.com,8005483335,2024-09-11,Empty Nest
e1fbb332-10c4-4c14-8f76-4e69b744db23,Jaime,Rosales,1998-01-18,joseware@example.org,250.461.8234,2024-05-30,New Job
08ff756f-e7fd-4fc2-adc8-f9041853eeb1,Anna,Simmons,1963-07-17,petersonstephanie@example.com,+1-551-987-3373x9794,2024-07-03,Inheritance
041fcb7b-d89b-45de-b553-2136813c623c,Jean,Gardner,1952-07-08,jessica55@example.com,242.437.4344,2023-11-05,Starting Business
b0f7d050-3250-43d4-bebe-177474a54b6b,Jason,Huang,1972-08-01,nsnow@example.net,867-279-6539,2022-02-03,Medical Event
c6366c4c-749a-4005-8332-7d2ac8adef02,Sarah,Jimenez,1947-06-14,matthewslaura@example.org,8665013425,2023-07-07,New Child
7d5e8c7f-0077-43c0-b10d-3c76d023365e,Kim,Arias,1967-05-29,matthew82@example.com,(922)326-1511x466,2025-01-04,Inheritance
5f9732d2-fd16-4eab-977f-f76bd19c7ca8,Bradley,Luna,1938-06-25,calvinwade@example.net,+1-211-588-8104x81035,2021-09-05,Graduation
141633f8-6015-4731-a52c-73910412a1e2,Craig,Smith,1977-06-11,amandahayes@example.com,458.920.5137,2023-05-26,Marriage
24257869-fdf0-44bc-8221-49f995ef19b4,Victoria,Gonzalez,1961-04-30,michaelmccarthy@example.org,222.363.2293,2020-08-25,Inheritance
eee1a115-a523-485c-b8d9-07aefba0c35d,Jonathan,Martin,1999-02-13,zachary90@example.com,+1-449-830-5809,2020-04-04,New Job
b868d245-2f54-43ba-8551-4d8063f31f40,Kiara,Clark,1941-08-06,pobrien@example.org,748.450.7030,2022-10-08,New Child
a5f860b2-196c-4dd4-b942-cd92bbeadb0c,Pamela,Green,1988-09-21,hallsamantha@example.com,001-714-382-3878x498,2020-03-19,
6eb8112d-8256-40dc-a4a8-31df9ddf05d2,Michael,Mcdaniel,1958-02-20,davidsonjames@example.org,690.721.0806,2024-04-23,
bd0ebac8-7462-4189-8102-0a81cdfc38ef,George,Christian,2006-03-13,angela67@example.net,859-745-7205,2020-04-04,Divorce
e8ee9fee-ecbc-4747-a43b-c7ab701eca6a,Laura,Cortez,1951-06-19,ureese@example.org,001-758-876-7808x652,2024-01-30,Career Change
1100693c-de79-41f2-ab67-56e277de96db,Tyler,Lindsey,1947-05-16,cstewart@example.net,+1-516-883-2266x429,2023-02-24,Home Purchase
2e584f4a-8fa9-4f7f-a43d-5a87a4dce2f6,Felicia,Manning,2004-09-07,jessica77@example.net,948.317.4545,2022-01-04,New Child
5e1bfed3-3ebe-4814-a795-dd1c90a1da57,Rebecca,Miller,1996-12-09,brandon48@example.net,212.284.3056,2023-03-08,New Child
8f6bfef9-122a-4523-92e2-6983901f4826,Keith,Clark,1950-01-26,clarkkathy@example.org,5126898802,2020-11-19,Career Change
86115d37-e48c-4fd8-845b-ca5f7f9d43dd,Joshua,Lopez,1995-03-07,alexanderronald@example.com,001-354-801-9738x9178,2021-01-14,Empty Nest
54eb82f6-5854-4cf2-a2f3-15a863bf864a,Jennifer,Thompson,1968-06-11,veronicacarr@example.net,522.640.2232x622,2021-11-27,Medical Event
c3fe8b22-55e2-4278-a5cf-238c3afcd6b2,Dawn,Butler,1938-09-08,harriscaleb@example.org,+1-580-821-0603x5592,2023-06-07,Medical Event
172448ed-3400-4967-b248-5d8ab286c8de,Michael,Eaton,1952-09-27,staceyryan@example.net,001-668-631-4561,2024-11-07,New Job
61f58070-1e59-4fa3-a2f2-0e5bd84d3dca,Lauren,Bennett,1950-10-23,katiedavis@example.com,+1-500-546-2487x81984,2024-04-30,Starting Business
135583eb-03ba-449e-a204-d46ac5250a63,Joseph,Navarro,2003-07-21,penajohn@example.com,385.429.1298x29676,2020-12-25,Marriage
7605c46f-7482-4d31-a31d-c763c57f47e7,Dawn,Guerrero,1954-04-18,bestglenn@example.org,576-484-2498x74727,2024-05-31,Starting Business
4b2081df-d435-4982-a275-4445cadd2224,Paula,Reed,1939-01-16,amy68@example.org,905.358.2036,2021-09-04,Home Purchase
59eeff7f-bfd1-49e1-b8f3-6ef058e61c3a,Stephanie,Bowman,1983-06-18,robertdavis@example.com,001-514-403-1729x6043,2020-07-02,Inheritance
cf1f0cec-db58-4be2-bfd6-f24574a52fe5,Sheri,Holloway,1934-11-15,chavezrobin@example.org,320-511-5718x87303,2022-11-13,Graduation
e225b1e7-d81a-4de0-a08f-1c1c11a53238,Leslie,Mendez,1978-08-13,joshua40@example.org,+1-201-806-5521x3210,2022-08-05,New Job
7cbd0b04-037d-4fef-b212-fc91d4116bae,Sarah,Wilson,1998-05-10,xleonard@example.com,001-436-716-8697x34022,2020-10-08,Relocation
7a08bd79-2649-496e-8754-a83ab1d2dbc3,Sabrina,Smith,1956-08-05,kimberlywalker@example.org,951.853.3362x25199,2023-01-25,Empty Nest
ea2f76c8-f676-44ab-a4c7-42569e095153,Randy,Cabrera,1982-01-24,lawrence01@example.org,781-816-8551x447,2023-02-11,Divorce
a838920a-0646-4c6e-9fec-404bb678e6d0,Angela,Williams,1989-02-24,jason91@example.org,4606224908,2023-09-22,New Job
ea842bee-6517-445e-af9c-ed00e1c206a3,Kimberly,Wright,1960-01-17,sarahwalters@example.org,445-670-5447,2022-06-19,New Job
04f374fd-d424-471a-9773-c20b877a338b,Arthur,Vargas,1955-03-03,pharper@example.net,001-886-485-0628x548,2021-06-11,Empty Nest
d286066a-4cc7-4108-93da-924133b6b9e3,Albert,Campos,1945-10-17,browningjennifer@example.org,001-964-964-7201,2020-12-09,New Job
db486e3f-d839-4939-827c-1ac126214769,George,Griffin,1962-11-14,nataliecastillo@example.com,(447)949-2150x1623,2021-05-01,Medical Event
cf584e07-7b90-46bb-924d-60ebc9768bf9,Abigail,Bennett,1945-11-01,lisadavis@example.com,(205)508-8785x53515,2022-06-18,Empty Nest
2f3a531b-c7c2-4c00-b1df-d9b2cb36ebd1,Darrell,Rivera,1994-12-15,audrey15@example.com,(439)823-0608x633,2020-12-12,New Job
a21dc516-6109-4aa0-b648-bf863bd238c4,Amanda,Davis,1952-04-05,harperjason@example.com,+1-837-983-2759x37209,2024-04-05,New Job
7d418a73-85c4-47da-8c1b-8a7b92fa4653,Regina,Johnson,1973-05-10,briana54@example.com,607-356-4828,2021-12-03,
a0701a01-4cb1-4800-9cfa-ad7a06e92d97,Kimberly,Blankenship,1960-02-03,ashley91@example.com,(542)546-2533x755,2021-12-01,Graduation
5e5bd0df-f9d6-452c-8b37-5aaf01ecda85,Amanda,Navarro,1967-11-09,joshuahicks@example.org,(215)937-7706x0344,2023-11-26,Graduation
8df5e973-ab75-4e68-9251-6e037597af66,Michael,Knight,2001-06-24,ecarter@example.com,001-696-838-0982x1862,2023-12-25,Medical Event
cba04c8f-63fd-42d6-bc73-e5f89c0b1742,David,Pitts,1978-01-20,mary29@example.org,(313)967-6103x7551,2020-07-22,
9f526101-cf15-43bd-ae12-161e42a1c09b,Matthew,Winters,1935-02-22,mterry@example.org,627.385.1171,2024-11-09,
b417419d-97eb-464c-8987-caaa910198a3,Lauren,Thompson,1999-04-02,kelly44@example.org,(207)530-6830,2020-10-16,Empty Nest
5eeb7deb-8a87-464b-b503-9b419b3672f4,Nicole,Wolfe,1944-09-01,alexander40@example.com,200-915-8043x3477,2020-06-20,Graduation
eccb5d3d-6c15-42b9-ae6f-d0e6137a902c,William,Oneill,1969-04-25,lauraoconnor@example.net,(972)415-6354x86911,2024-01-11,New Job
e6bde4fe-05ae-4c56-a65a-90a61c5c58c9,Sabrina,Simpson,1958-05-24,rowewanda@example.com,(215)488-2861,2024-07-10,Medical Event
db187496-f43a-41dd-b65f-3a13468c9d37,April,Green,1968-11-18,sarah17@example.net,(432)208-0797x413,2021-12-04,Starting Business
f7fdb148-9c54-4ab3-93ff-0a2a8f4f1ae3,Katherine,Stanley,1968-01-18,erichenry@example.com,+1-546-648-8550x755,2020-01-21,Home Purchase
04de1f3d-637d-4711-baca-2a555e6532e2,Connor,Fleming,1946-09-07,obarnes@example.net,451.262.6729,2021-04-10,Inheritance
3d36991d-b1ff-469d-b86b-e7b7462d4fa0,Tara,Mullen,1995-01-04,robert35@example.net,3946421567,2024-10-29,New Job
bb44a545-e4fd-47cd-bb62-a5452e83f042,Alyssa,Hernandez,1971-09-13,conleyamy@example.org,598-394-5581,2021-09-09,Starting Business
1bea6185-1d45-4a4b-a822-42a6b5f6a3d3,Christopher,Jones,2003-08-16,christine17@example.org,345-322-9866x93732,2021-10-16,Marriage
8198f65a-37c8-4640-95b8-dacfc5795ad4,Matthew,Williams,2005-06-09,opeters@example.com,570.675.4859,2023-08-18,Home Purchase
999b93f0-4173-4fff-9955-809311fe7170,Carolyn,Black,1973-03-08,kennedyallison@example.com,871-329-7713,2022-07-17,Marriage
75f65814-b466-46ce-8c10-463083830da1,Robert,Hernandez,1984-04-28,hornmark@example.org,800.668.3744x4510,2024-07-09,New Job
69e4506d-3cda-4e58-9439-3464b8983999,Melvin,Armstrong,1974-08-09,danieldavis@example.net,(808)554-6709x451,2023-03-01,New Job
5bee6b41-66c3-415a-911c-c49b89e61267,Jason,Ferguson,1999-04-18,allisonfox@example.org,360-634-1415x5781,2023-05-02,Career Change
42720ca6-f84f-41e5-b3eb-33a89ebbec8a,Ashley,Edwards,1944-06-16,ystokes@example.net,(471)850-8759x553,2023-03-05,Empty Nest
49959fa6-c7c6-4445-ab4e-ef61415bfc3f,Bradley,Blake,1939-09-24,kellersheila@example.com,(235)965-9149x016,2024-12-17,Divorce
7fc27083-6510-437f-8609-91f32d552e94,Ashley,Sullivan,1939-11-05,sally00@example.org,205-555-7726x14112,2022-10-29,
a011af84-f2df-4c70-a32c-da98ffae4ce9,Melissa,Frazier,1963-05-28,stephen53@example.com,001-243-585-2797x02769,2025-01-04,Graduation
d1daaeff-6985-4844-98f5-7ef0328f259d,Justin,Salazar,1985-11-16,xcooper@example.net,+1-399-859-5452x6053,2024-01-14,New Child
da43f291-ea9c-47d5-bd6a-9120d33b34d6,Keith,Morris,1963-10-03,leah34@example.com,502-955-1203,2023-08-08,Inheritance
68e7fac4-5806-45b4-bd33-f302177bf138,Christine,Anthony,1934-06-29,edwardslisa@example.org,470.329.0157,2021-04-26,Retirement
4e91552e-3d93-4afa-988b-b58578331034,James,Bolton,1961-10-25,ujohnson@example.com,985.935.6843x88006,2024-07-08,
681f7dd0-1498-42fb-b539-c7c031c83f58,Kevin,Pham,1996-01-18,adamsariana@example.com,348-616-8955,2023-03-05,Marriage
1316cf4d-ae96-4d4a-843d-48954d8cae47,Jo,Mason,1944-08-02,daviswilliam@example.org,001-757-559-1831x64875,2024-10-02,
cb9260ec-e6e9-42af-b728-46536b37a9d8,Sherry,Williams,2006-06-25,jrobinson@example.org,001-391-824-7348x245,2020-05-01,Marriage
d654da49-c13b-4387-bbd0-e22351b6aa21,Kimberly,Jones,1939-12-14,travis16@example.com,335-797-6347x6694,2022-07-18,Inheritance
94fea2ea-bd3b-4407-9772-636d46b9d391,Michelle,Blair,1987-05-19,frankolson@example.com,(354)761-9307,2021-01-11,Starting Business
097a6e49-8530-4b16-9b21-b05e6647a182,Gregory,Hernandez,1963-05-11,michaelkhan@example.com,(571)319-9554,2023-09-05,
0134fe34-3ea1-43a7-9180-bf4385183746,Lynn,Mendoza,1992-08-30,stricklandchris@example.org,(388)893-6112,2021-12-10,New Job
f9479f84-76f7-4a28-86a1-4115c60c7a44,Jasmine,Clark,1970-03-11,cristina46@example.net,996.361.3735x42824,2021-07-08,Starting Business
1a3ce75f-8303-4453-97fb-3f029111396f,Scott,Smith,1967-07-01,ccuevas@example.com,444.850.6317x7154,2021-01-04,
41943041-4536-4405-a5fb-a4ac36458df7,Justin,Turner,1966-04-05,dholloway@example.net,872-237-6971x121,2022-02-17,Starting Business
11234724-fbca-4540-b0a6-b6c462f961f0,Patrick,Griffin,1969-04-09,micheleholt@example.org,001-391-552-6219,2020-03-19,Divorce
4bd4b9c4-1eaf-462f-9e1a-63d44b60dd32,Joseph,White,1937-05-18,patrick95@example.com,001-239-727-6843x41848,2022-02-11,Career Change
9ad483f4-0e36-4729-b628-982470909778,Susan,Rogers,1957-11-30,bradley69@example.net,+1-447-956-3267x053,2021-11-14,Home Purchase
0b38ffac-1022-46dd-b435-08eb8a41c198,Allison,Hodges,1996-11-12,christina27@example.org,518-502-6014x5764,2020-10-22,Divorce
e6bb30aa-f8d8-4d9c-99fe-4d2b6305a5df,Mitchell,Maxwell,1935-06-29,williamslogan@example.net,+1-714-434-8307x26768,2024-02-17,Divorce
a08616ee-b78e-4e99-9785-50995c59cfcb,Catherine,Alvarado,1997-03-20,rachel84@example.net,319.742.7942,2024-08-28,Inheritance
895e63f5-f8a0-4d0d-9b5d-020aa6e377f9,Michael,Ewing,1989-12-29,sotojennifer@example.org,626.259.1183,2023-03-30,Marriage
7e919abc-9d0e-4f9a-9776-5801d8b93f34,Courtney,Murray,1962-07-10,eclark@example.com,001-758-705-6971x50959,2023-09-05,New Child
20988fda-ac12-4d59-9ecc-bb0db0ee52bf,Matthew,Huerta,1989-07-01,michael24@example.org,665-280-6598,2023-04-12,
48a4de96-505f-49b1-98a6-6ab9217129c0,Lori,Wilson,1965-01-02,stewartcasey@example.org,001-894-254-2079x00546,2022-12-14,Inheritance
933d12a4-b52c-4944-8395-ada5ae0ff87d,Rachel,Hernandez,1970-11-29,jeffreyowens@example.org,455.709.2555x09318,2024-05-27,Home Purchase
eb629336-d034-472d-9dd4-6da18770cdf0,Sarah,Snyder,1988-08-09,reneeellis@example.org,7823424048,2023-11-13,Divorce
eaad9cb8-f6c0-486e-bdcb-4f2aa136bd28,Patty,Jackson,1967-08-16,williamskenneth@example.net,001-397-434-5551x0650,2021-04-24,Retirement
a2acdd26-be6e-46de-8def-04b70c4f8d98,Michelle,Wright,1960-02-22,castilloalejandro@example.net,216.440.5807x87845,2020-11-07,Relocation
5e40dff3-f3b5-4e2e-803c-235369706c53,Robin,Robinson,1984-10-15,nicole96@example.net,001-209-558-4362x080,2022-02-14,Home Purchase
3c60ee0c-71d3-435a-97f7-c4dc84533e55,Samantha,Hatfield,1934-06-22,rochaapril@example.com,859.568.0067x45667,2023-11-30,Graduation
f56aa3f6-d480-45ac-b4c7-4a3f3e9b84f5,Charles,Herman,1941-05-09,patricia01@example.net,(958)467-5773,2023-04-27,Divorce
eaea84e2-6fae-47b0-a2f9-91f3d04cdb0d,Donna,Hill,1978-09-04,nicholasrussell@example.org,588.389.1893,2023-08-25,New Job
b011a4c5-57ec-449a-9469-faab4f69a9e6,Victoria,Obrien,1981-11-22,nancyhunt@example.net,001-635-958-4324x317,2023-01-27,
60553686-de3c-47a5-8a99-4dc99a38d597,Carol,Becker,1938-08-24,ddeleon@example.net,578.740.9546,2023-09-03,
